{"cameraMode":{"drawMode":0,"name":"Shaded","section":"Shading Mode"},"sceneLighting":true,"audioPlay":false,"sceneViewState":{"showFog":true,"showMaterialUpdate":false,"showSkybox":true,"showFlares":true,"showImageEffects":true,"showParticleSystems":true},"in2DMode":false,"pivot":{"x":2.913205862045288,"y":0.8600000143051148,"z":-0.611350417137146},"rotation":{"x":-0.06646949052810669,"y":0.675058901309967,"z":-0.060969796031713489,"w":-0.7323745489120483},"size":9.54914379119873,"orthographic":false}